"","ID","Description","GeneRatio","BgRatio","RichFactor","FoldEnrichment","zScore","pvalue","p.adjust","qvalue","geneID","Count"
"GO:0071711","GO:0071711","basement membrane organization","3/8","38/18805",0.0789473684210526,185.575657894737,23.4960382454089,4.23342293440621e-07,3.6830779529334e-05,1.87161856047432e-05,"COL4A1/NID2/PXDN",3
"GO:0030198","GO:0030198","extracellular matrix organization","4/8","339/18805",0.0117994100294985,27.73598820059,10.2479150911182,6.85976182474029e-06,0.000152715353362772,7.76048982605736e-05,"COL4A1/NID2/PXDN/COL15A1",4
"GO:0043062","GO:0043062","extracellular structure organization","4/8","340/18805",0.0117647058823529,27.6544117647059,10.2319815674941,6.94022932016389e-06,0.000152715353362772,7.76048982605736e-05,"COL4A1/NID2/PXDN/COL15A1",4
"GO:0045229","GO:0045229","external encapsulating structure organization","4/8","341/18805",0.0117302052785924,27.5733137829912,10.2161168954572,7.02139555690904e-06,0.000152715353362772,7.76048982605736e-05,"COL4A1/NID2/PXDN/COL15A1",4
